{
  "id": "43832e5f694c8b644e4aeae1a0316c9d",
  "result_metadata": {
    "score": 1
  },
  "subreddit": "washingtondc",
  "enriched_title": {
    "entities": [
      {
        "count": 1,
        "text": "drivers license",
        "confidence": 0.992971,
        "type": "Car_Owner",
        "disambiguation": {
          "subtype": [
            "NONE"
          ]
        }
      }
    ]
  },
  "text": "Hello, I recently moved to Amsterdam for a couple of years for a job, and to get a drivers license here I can surrender my US one in exchange. The NL government will apparently send back the license to the DC DMV with a letter saying I have surrendered it. I am curious if anyone has any experience with this or knows what would happen with my DC residency. Would DC just ignore this as some embassies do for passports? Would this prevent me from applying for a license again in the future?",
  "enriched_text": {
    "entities": [
      {
        "count": 1,
        "sentiment": {
          "score": -0.239871,
          "label": "negative"
        },
        "text": "drivers license",
        "confidence": 0.981866,
        "type": "Car_Owner",
        "disambiguation": {
          "subtype": [
            "NONE"
          ]
        }
      },
      {
        "count": 1,
        "sentiment": {
          "score": 0,
          "label": "neutral"
        },
        "text": "license",
        "confidence": 0.97094,
        "type": "Car_Owner",
        "disambiguation": {
          "subtype": [
            "NONE"
          ]
        }
      },
      {
        "count": 1,
        "sentiment": {
          "score": -0.81732,
          "label": "negative"
        },
        "text": "license",
        "confidence": 0.966238,
        "type": "Car_Owner",
        "disambiguation": {
          "subtype": [
            "NONE"
          ]
        }
      },
      {
        "count": 1,
        "sentiment": {
          "score": -0.81732,
          "label": "negative"
        },
        "text": "DMV",
        "confidence": 0.890962,
        "type": "Car_Owner",
        "disambiguation": {
          "subtype": [
            "NONE"
          ]
        }
      }
    ]
  },
  "extracted_metadata": {
    "sha1": "961d7bfbe32d9d2c5a3bf7755b16e58b23463234",
    "filename": "relevant-dc-306.json",
    "file_type": "json"
  },
  "title": "What does DC do if you surrender your drivers license to a foreign government?",
  "created": "2020-04-06T05:53:25.000Z"
}
