{
  "id": "9e22564825dd5d038701e4ada8c25802",
  "result_metadata": {
    "score": 1
  },
  "subreddit": "washingtondc",
  "enriched_title": {
    "entities": []
  },
  "text": "Does anyone have a delivery service they recommend in DC that does not take an enormous cut of the restaurant industry’s margins? I live alone without a car away from both grocery stores and restaurants (love this stretch of Capitol Hill otherwise) and I want to make sure to not impose my costs on the restaurant (or the driver). Without getting into specifics, there are some services that charge what I consider to be outrageous amounts of money for doing next to nothing other than routing a driver to pick up the order and processing the ingestion of the data, forcing the driver to subsist on tips and the restaurant to eat the costs.",
  "enriched_text": {
    "entities": []
  },
  "extracted_metadata": {
    "sha1": "822aabff8757532f39321422f6fb22086eaabe93",
    "filename": "relevant-dc-422.json",
    "file_type": "json"
  },
  "title": "Best Delivery App for Restaurant Margins in DC?",
  "created": "2020-03-31T04:37:49.000Z"
}
