{
  "id": "2174db18bcdce75e42085881e04ea9ca",
  "result_metadata": {
    "confidence": 0,
    "score": 1
  },
  "subreddit": "washingtondc",
  "enriched_title": {
    "entities": []
  },
  "text": "I'm a current business owner in MD, looking to open a mixed retail venue in DC in the next 5 years and I have three questions for ya! (Mixed venue retail means several small businesses under a single roof, think Union Market-ish).\n\n1.  What are some of your fav up & coming neighborhoods and why do you love them?\n\n2. What makes that particular neighborhood a great location for a mixed retail venue?\n\n3. What types of business would you like to see in a mixed retail venue? Food, drinks, art, etc.\n\nLay it on me, Reddit!! 😁😊💜",
  "enriched_text": {
    "entities": [
      {
        "count": 1,
        "sentiment": {
          "score": 0.831034,
          "label": "positive"
        },
        "text": "current business owner",
        "confidence": 0.88385,
        "type": "Full_Time_Employment",
        "disambiguation": {
          "subtype": [
            "NONE"
          ]
        }
      }
    ]
  },
  "extracted_metadata": {
    "sha1": "12b99c00d825b5c99733be3e8f91e9bdabd99665",
    "filename": "relevant-dc-231.json",
    "file_type": "json"
  },
  "title": "Next up & coming DC neighnorhoods?",
  "created": "2020-04-10T06:21:45.000Z"
}
