{
  "id": "10e9692a4b50de5efde9ab00fb49d405",
  "result_metadata": {
    "score": 1
  },
  "subreddit": "washingtondc",
  "enriched_title": {
    "entities": [
      {
        "count": 1,
        "text": "filed for unemployment",
        "confidence": 0.922529,
        "type": "Unemployed",
        "disambiguation": {
          "subtype": [
            "NONE"
          ]
        }
      }
    ]
  },
  "text": " \n\nI did and am waiting on a letter from them.  In the mean time, I can view my profile on the website and there is a section below my personal info that reads  GENERAL PROGRAM INFORMATION as gives a row of when the Determination Date, Effective Date, and then goes into maximum benefit amount and weekly benefit amount.  Are the amounts in this row pertaining to me personally or are they literally just general information for the public?  If you've never applied before, you will not know what I'm talking about probably.",
  "enriched_text": {
    "entities": []
  },
  "extracted_metadata": {
    "sha1": "8da60c8cc61707a0e6bff7363cefbbf499c571b4",
    "filename": "relevant-dc-379.json",
    "file_type": "json"
  },
  "title": "Have you ever filed for unemployment in DC?",
  "created": "2020-04-02T00:02:06.000Z"
}
