{
  "id": "5d1b77999cdf5b6196388a24c8bf127c",
  "result_metadata": {
    "score": 1
  },
  "subreddit": "washingtondc",
  "enriched_title": {
    "entities": []
  },
  "text": "I'm looking at jobs in the DC area and I'm wondering if anyone can give me some general thoughts on what health insurance is good and bad in the DC area.  For example, my gut feeling is United Healthcare is lousy.  Is that true in the DC area?  What about Blue Cross Blue Shield?  Is Cigna good, or do I just think that because when I lived in the area my particular plan was decent?",
  "enriched_text": {
    "entities": []
  },
  "extracted_metadata": {
    "sha1": "1c14d4c568f268d1c8a566a2243586c11d0a333e",
    "filename": "relevant-dc-290.json",
    "file_type": "json"
  },
  "title": "Good and Bad Health Insurance",
  "created": "2020-04-07T09:50:36.000Z"
}
