{
  "id": "f6b7b6d7f70856e6f2c98eefe5a3ab61",
  "result_metadata": {
    "score": 1
  },
  "subreddit": "washingtondc",
  "enriched_title": {
    "entities": [
      {
        "count": 1,
        "text": "drive",
        "confidence": 0.954638,
        "type": "Car_Owner",
        "disambiguation": {
          "subtype": [
            "NONE"
          ]
        }
      },
      {
        "count": 1,
        "text": "car",
        "confidence": 0.932038,
        "type": "Car_Owner",
        "disambiguation": {
          "subtype": [
            "NONE"
          ]
        }
      }
    ]
  },
  "text": "A family member is immunosuppressed and depressed and has been cooped up in the house for weeks except for going out for medical needs. I was thinking of trying to get them to go for a drive today somewhere within an hour of NW DC (the closer the better as they sometimes have an urgent need to use the bathroom). Where we could see some nice naturish views or cool houses/yards. I know there are some neighborhoods in Montgomery County that have cherry blossoms but my understanding is the blossoms should've fallen by now. We would be staying in the car, except for me getting some gas or if there is a desperate need to use a bathroom.\n\n&#x200B;\n\nedit- Thanks for the responses!",
  "enriched_text": {
    "entities": [
      {
        "count": 1,
        "sentiment": {
          "score": -0.594674,
          "label": "negative"
        },
        "text": "drive",
        "confidence": 0.982146,
        "type": "Car_Owner",
        "disambiguation": {
          "subtype": [
            "NONE"
          ]
        }
      },
      {
        "count": 1,
        "sentiment": {
          "score": -0.882506,
          "label": "negative"
        },
        "text": "car",
        "confidence": 0.883737,
        "type": "Car_Owner",
        "disambiguation": {
          "subtype": [
            "NONE"
          ]
        }
      }
    ]
  },
  "extracted_metadata": {
    "sha1": "03ab6a431117aabb4dd57c2972162ebc969b7280",
    "filename": "relevant-dc-210.json",
    "file_type": "json"
  },
  "title": "Place to drive and enjoy the view from the car within an hour or less?",
  "created": "2020-04-11T21:28:09.000Z"
}
