{
  "id": "9daadc74cf3870e30743428734f614d8",
  "result_metadata": {
    "score": 1
  },
  "subreddit": "washingtondc",
  "enriched_title": {
    "entities": []
  },
  "text": "I had to move last week as my lease ended (bad timing), so I recently cleaned out my closet. I’ve got about 5 trash bags full of men’s clothing (mostly medium sized shirts and 30/32ish sized pants). Goodwill is closed and not accepting donations. I have to go in to work this week so I can’t hit Salvation Army and they are only open during business hours. Where can I drop off a bunch of gently used clothes so they don’t go to waste?\n\nI also have a wood TV stand and small side board to get rid of if anyone is interested.",
  "enriched_text": {
    "entities": [
      {
        "count": 1,
        "sentiment": {
          "score": -0.878593,
          "label": "negative"
        },
        "text": "lease",
        "confidence": 0.936032,
        "type": "Apartment_Renter",
        "disambiguation": {
          "subtype": [
            "NONE"
          ]
        }
      }
    ]
  },
  "extracted_metadata": {
    "sha1": "7355783535a4b040c340ab537dfc3be678c4ff99",
    "filename": "relevant-dc-443.json",
    "file_type": "json"
  },
  "title": "Where to donate clothes?",
  "created": "2020-03-30T00:35:43.000Z"
}
