{
  "id": "8d1d8aaf4198045fd52954b1d700e6a5",
  "result_metadata": {
    "score": 1
  },
  "subreddit": "washingtondc",
  "enriched_title": {
    "entities": [
      {
        "count": 1,
        "text": "Dental",
        "confidence": 0.951813,
        "type": "Medically_Insured",
        "disambiguation": {
          "subtype": [
            "NONE"
          ]
        }
      }
    ]
  },
  "text": "Has anyone ever been to Quiet 17 Dental Care in NoMa? \n\nI'm looking for a new dentist. Been going to the same place for almost ten years, but it changed hands when the old dentist retried. I don't really like the new management - they try to push services I know I don't need and they convinced me to get a crown that has caused me nothing but trouble.\n\nQuiet 17 came up as a good option in my area, but open to other suggestions.",
  "enriched_text": {
    "entities": [
      {
        "count": 1,
        "sentiment": {
          "score": 0,
          "label": "neutral"
        },
        "text": "Dental",
        "confidence": 0.969257,
        "type": "Medically_Insured",
        "disambiguation": {
          "subtype": [
            "NONE"
          ]
        }
      }
    ]
  },
  "extracted_metadata": {
    "sha1": "6d9365a0bc1eec3e78325370ce7bae73128a10ff",
    "filename": "relevant-dc-128.json",
    "file_type": "json"
  },
  "title": "Quiet 17 Dental Care",
  "created": "2020-04-17T04:08:12.000Z"
}
