{
  "id": "60272458249d3e6c0f43b26e8f7278f8",
  "result_metadata": {
    "score": 1
  },
  "subreddit": "washingtondc",
  "enriched_title": {
    "entities": []
  },
  "text": "This post might be perceived as insensitive, and to the extent that it is I apologize, but I think this is a fair concern. \n\nThere’s a man who sets up across the street from my home every night starting at about 6 PM, and intermittently yells at passerby and then later simply yells into the night when no one else is around. He’s probably 200 feet from my window and I can here him pretty good inside my place, so it’s pretty loud. From the brief interactions I have had with him when I have passed on the sidewalk, he is not particularly friendly. \n\nIs there anything I can do about this guy? I just don’t want him screaming outside my window late at night. Given how terribly this city has managed to help the homeless population and address the vagrancy issues in this city in general, I don’t feel that individuals like this would be anything the local PD would take the time to care about.",
  "enriched_text": {
    "entities": [
      {
        "count": 1,
        "sentiment": {
          "score": -0.87875,
          "label": "negative"
        },
        "text": "my home",
        "confidence": 0.720277,
        "type": "Home_Owner",
        "disambiguation": {
          "subtype": [
            "NONE"
          ]
        }
      }
    ]
  },
  "extracted_metadata": {
    "sha1": "9f80df0de39fdf9987268418498b728a3595ec6d",
    "filename": "relevant-dc-119.json",
    "file_type": "json"
  },
  "title": "Anything to be done about a noisy local?",
  "created": "2020-04-17T12:29:38.000Z"
}
