{
  "id": "40e483f0c7e8e3907dc1fcb4bf03ca2a",
  "result_metadata": {
    "score": 1
  },
  "subreddit": "washingtondc",
  "enriched_title": {
    "entities": [
      {
        "count": 1,
        "text": "unemployment",
        "confidence": 0.983539,
        "type": "Unemployed",
        "disambiguation": {
          "subtype": [
            "NONE"
          ]
        }
      }
    ]
  },
  "text": "Hi there r/washingtondc \\- I know that many of you have been furloughed at some point in the past. I am getting furloughed at my job, albeit in the private sector so I recognize there may be differences. I know that while furloughed, I can apply for and receive unemployment. However, I have two questions about this: \n\n1. I know typically for unemployment, you have to demonstrate that you're looking for work. Since I'm furloughed, I won't be. Is this waived for furloughed individuals/ \n2. I also know that if you make any income, it is typically deducted from your unemployment check? Is this the same if you're furloughed? My company is paying is 20% to cover benefits so will the unemployment agency deduct that amount from my unemployment check (essentially wiping it out since 20% of my monthly salary is most of the max unemployment benefit)? If this is the case, do they deduct net or gross? Finally, do you know if they deduct payment made from using PTO? \n\nObviously I will ask the unemployment agency too, but wanted to see if anyone knew in the meantime as I work on my budget. Thanks for any help!",
  "enriched_text": {
    "entities": [
      {
        "count": 1,
        "sentiment": {
          "score": -0.74302,
          "label": "negative"
        },
        "text": "unemployment",
        "confidence": 0.996775,
        "type": "Unemployed",
        "disambiguation": {
          "subtype": [
            "NONE"
          ]
        }
      },
      {
        "count": 1,
        "sentiment": {
          "score": -0.813676,
          "label": "negative"
        },
        "text": "unemployment",
        "confidence": 0.994233,
        "type": "Unemployed",
        "disambiguation": {
          "subtype": [
            "NONE"
          ]
        }
      },
      {
        "count": 1,
        "sentiment": {
          "score": 0,
          "label": "neutral"
        },
        "text": "unemployment",
        "confidence": 0.990654,
        "type": "Unemployed",
        "disambiguation": {
          "subtype": [
            "NONE"
          ]
        }
      },
      {
        "count": 1,
        "sentiment": {
          "score": -0.778184,
          "label": "negative"
        },
        "text": "unemployment",
        "confidence": 0.989969,
        "type": "Unemployed",
        "disambiguation": {
          "subtype": [
            "NONE"
          ]
        }
      },
      {
        "count": 1,
        "sentiment": {
          "score": 0,
          "label": "neutral"
        },
        "text": "unemployment",
        "confidence": 0.948917,
        "type": "Unemployed",
        "disambiguation": {
          "subtype": [
            "NONE"
          ]
        }
      },
      {
        "count": 1,
        "sentiment": {
          "score": -0.813676,
          "label": "negative"
        },
        "text": "unemployment",
        "confidence": 0.944884,
        "type": "Unemployed",
        "disambiguation": {
          "subtype": [
            "NONE"
          ]
        }
      },
      {
        "count": 1,
        "sentiment": {
          "score": -0.757164,
          "label": "negative"
        },
        "text": "I'm furloughed",
        "confidence": 0.783768,
        "type": "Unemployed",
        "disambiguation": {
          "subtype": [
            "NONE"
          ]
        }
      },
      {
        "count": 1,
        "sentiment": {
          "score": 0,
          "label": "neutral"
        },
        "text": "unemployment",
        "confidence": 0.630021,
        "type": "Unemployed",
        "disambiguation": {
          "subtype": [
            "NONE"
          ]
        }
      }
    ]
  },
  "extracted_metadata": {
    "sha1": "90f68de39822fc3750983001c21d59100e1c5cc6",
    "filename": "relevant-dc-665.json",
    "file_type": "json"
  },
  "title": "Questions about unemployment for those that have been furloughed",
  "created": "2020-03-20T05:56:47.000Z"
}
