{
  "id": "1b55ed521b495f5ed74492373c717fa3",
  "result_metadata": {
    "score": 1
  },
  "subreddit": "washingtondc",
  "enriched_title": {
    "entities": []
  },
  "text": "Hi! With being locked in the house because of COVID, I've started to entertain the idea of solar on our flat roof. I have excellent sun exposure pretty much all day with a large roof area. I started to look around and do some research but all these solar websites keep asking me for my address and phone number to reach out to me before any quotes and it just feels kinda shady. I did it one time last year and kept getting calls from various vendors which caused me to be overwhelmed and kinda give up.\n\nAny one in the district recently go solar? Any suggestions or tips on recommended vendors, how financing works for these, and understanding what and how SRECs work?\n\nAppreciate it all!",
  "enriched_text": {
    "entities": [
      {
        "count": 1,
        "sentiment": {
          "score": 0.850449,
          "label": "positive"
        },
        "text": "roof",
        "confidence": 0.973542,
        "type": "Home_Owner",
        "disambiguation": {
          "subtype": [
            "NONE"
          ]
        }
      },
      {
        "count": 1,
        "sentiment": {
          "score": 0.966306,
          "label": "positive"
        },
        "text": "roof",
        "confidence": 0.889318,
        "type": "Home_Owner",
        "disambiguation": {
          "subtype": [
            "NONE"
          ]
        }
      },
      {
        "count": 1,
        "sentiment": {
          "score": 0.850449,
          "label": "positive"
        },
        "text": "house",
        "confidence": 0.821146,
        "type": "Home_Owner",
        "disambiguation": {
          "subtype": [
            "NONE"
          ]
        }
      }
    ]
  },
  "extracted_metadata": {
    "sha1": "9fbed5984b22752a2e1994df465d659111b7dea7",
    "filename": "relevant-dc-4.json",
    "file_type": "json"
  },
  "title": "Solar 101 -- Where do I start?",
  "created": "2020-04-25T01:13:26.000Z"
}
