{
  "id": "f709a79dee2baeab5b246ebff08ef084",
  "result_metadata": {
    "score": 1
  },
  "author_fullname": "t2_55nx3ejh",
  "enriched_title": {
    "entities": []
  },
  "text": "I'm a born and raised NYC chick who's been through 9/11 and everything else life has thrown our way. I felt that all of my struggles here would one day pay off. I thought that being a full time student with two jobs here would help me make it here.\n\nI cannot work during this crisis for health reasons. My landlord, who has known me and my family for years, will not budge. He either needs rent this month, or double rent next month. It's not that I won't do it, but I can't  and I'm scared.\n\nI saw all the other moving trucks in my little Queens neighborhood and thought they were stupid for panicking. Nah, i don't have that superiority complex anymore. Those people weren't scared,  they're just at their breaking point. It's not worth it being here anymore. We got no love from our landlords in this crisis. If NYC is home then why did our landlords make our home and war zone.\n\nI do hope one day I can come back, who knows. But i set up arrangements to leave with my entire family before the 1st of the month.",
  "enriched_text": {
    "entities": [
      {
        "count": 1,
        "sentiment": {
          "score": -0.734924,
          "label": "negative"
        },
        "text": "landlords",
        "confidence": 0.998627,
        "type": "Apartment_Renter",
        "disambiguation": {
          "subtype": [
            "NONE"
          ]
        }
      },
      {
        "count": 1,
        "sentiment": {
          "score": -0.91105,
          "label": "negative"
        },
        "text": "landlords",
        "confidence": 0.978265,
        "type": "Apartment_Renter",
        "disambiguation": {
          "subtype": [
            "NONE"
          ]
        }
      },
      {
        "count": 1,
        "sentiment": {
          "score": -0.570991,
          "label": "negative"
        },
        "text": "rent",
        "confidence": 0.976506,
        "type": "Apartment_Renter",
        "disambiguation": {
          "subtype": [
            "NONE"
          ]
        }
      },
      {
        "count": 1,
        "sentiment": {
          "score": -0.627365,
          "label": "negative"
        },
        "text": "landlord",
        "confidence": 0.955992,
        "type": "Apartment_Renter",
        "disambiguation": {
          "subtype": [
            "NONE"
          ]
        }
      },
      {
        "count": 1,
        "sentiment": {
          "score": -0.570991,
          "label": "negative"
        },
        "text": "rent",
        "confidence": 0.948991,
        "type": "Apartment_Renter",
        "disambiguation": {
          "subtype": [
            "NONE"
          ]
        }
      },
      {
        "count": 1,
        "sentiment": {
          "score": 0,
          "label": "neutral"
        },
        "text": "full time student",
        "confidence": 0.835413,
        "type": "University_Student",
        "disambiguation": {
          "subtype": [
            "NONE"
          ]
        }
      }
    ]
  },
  "extracted_metadata": {
    "sha1": "6d30cdffb69e65c308f7e1973ee7da1460ecafa6",
    "filename": "t2_55nx3ejh.json",
    "file_type": "json"
  },
  "title": "What's a waitress to do?"
}
