{
  "id": "d7124181800f12d1650c600c600075c1",
  "result_metadata": {
    "score": 1
  },
  "author_fullname": "t2_2ji0rf81",
  "enriched_title": {
    "entities": []
  },
  "text": "I may have to find a part-time job after this whole mess. I wanted to work at a restaurant, but I feel like the tips would be low because people would still be a little reluctant to eat out. Ideally I would like to make $200-400 for about 16-20 hours a week as side income.\n\nany advice and thoughts would be greatly appreciated!",
  "enriched_text": {
    "entities": []
  },
  "extracted_metadata": {
    "sha1": "ce334aa5196772debe0adffb1ae1491c8f2c2c8d",
    "filename": "t2_2ji0rf81.json",
    "file_type": "json"
  },
  "title": "After businesses open, where do you guys think are some decent and safe part-time jobs?"
}
