{
  "id": "5b09bbf7cc35fcb92ff8c07cdc501eb2",
  "result_metadata": {
    "confidence": 0,
    "score": 1
  },
  "author_fullname": "t2_4qqx83ci",
  "enriched_title": {
    "entities": [
      {
        "count": 1,
        "text": "Unemployment",
        "confidence": 0.686177,
        "type": "Unemployed",
        "disambiguation": {
          "subtype": [
            "NONE"
          ]
        }
      }
    ]
  },
  "text": "I know most of the world is laid off right now and apparently most of NYC but i can’t get through to unemployment at all!!! I’ve been calling for hours i don’t understand why they couldn’t complete my claim online. Is there a center i can go to in person? I’d rather wait in line  then to call back to back to back to get some automated system that hangs up on me or actually get through to the menu, enter all my info and have it hang up on me AGAIN after I’m supposed to be transfers to a rep. I have to pay my rent and my partner is also laid off. He got approved but his benefits aren’t going to come for 2-3 weeks it says .. and i can’t even get through to get mine approved. ANY advice seriously I’m spinning out here",
  "enriched_text": {
    "entities": [
      {
        "count": 1,
        "sentiment": {
          "score": -0.896193,
          "label": "negative"
        },
        "text": "unemployment",
        "confidence": 0.991902,
        "type": "Unemployed",
        "disambiguation": {
          "subtype": [
            "NONE"
          ]
        }
      },
      {
        "count": 1,
        "sentiment": {
          "score": -0.972787,
          "label": "negative"
        },
        "text": "my claim",
        "confidence": 0.951283,
        "type": "Unemployed",
        "disambiguation": {
          "subtype": [
            "NONE"
          ]
        }
      },
      {
        "count": 1,
        "sentiment": {
          "score": -0.578298,
          "label": "negative"
        },
        "text": "my rent",
        "confidence": 0.781906,
        "type": "Apartment_Renter",
        "disambiguation": {
          "subtype": [
            "NONE"
          ]
        }
      }
    ]
  },
  "extracted_metadata": {
    "sha1": "12bff1405ddadced3a69b65ec9671ee4c700102a",
    "filename": "t2_4qqx83ci.json",
    "file_type": "json"
  },
  "title": "Unemployment"
}
