{
  "id": "8328f898b22772aaf83bac1550684e12",
  "result_metadata": {
    "score": 1
  },
  "author_fullname": "t2_6538ltgj",
  "enriched_title": {
    "entities": [
      {
        "count": 1,
        "text": "Unemployment",
        "confidence": 0.636989,
        "type": "Unemployed",
        "disambiguation": {
          "subtype": [
            "NONE"
          ]
        }
      }
    ]
  },
  "text": "I signed up for unemployment when my job closed down on March 16th, we were advised to sign up the next day and I did. I got through after 2 days of calling and my claim was processed. I got the first payment direct deposit the following week, but after that I havent recieved anything even though I've been certifying for benefits the past two sundays. It hasn't showed a release date, I've Sent them messages and have been calling non stop to no avail, I'm just wondering if anyone else is in this boat? The second time I certified it asked me a few questions about my job and I answered honestly even though I answered those same questions when I got someone on the phone when I first filed my claim. I got a letter saying I qualified, no rejection letter, when I log on it shows I certified and the amount I'm supposed to get but no release date and only shows the waiting week and first payment they sent.",
  "enriched_text": {
    "entities": [
      {
        "count": 1,
        "sentiment": {
          "score": -0.486465,
          "mixed": "1",
          "label": "negative"
        },
        "text": "filed my claim",
        "confidence": 0.994593,
        "type": "Unemployed",
        "disambiguation": {
          "subtype": [
            "NONE"
          ]
        }
      },
      {
        "count": 1,
        "sentiment": {
          "score": -0.383983,
          "label": "negative"
        },
        "text": "unemployment",
        "confidence": 0.943969,
        "type": "Unemployed",
        "disambiguation": {
          "subtype": [
            "NONE"
          ]
        }
      },
      {
        "count": 1,
        "sentiment": {
          "score": 0,
          "label": "neutral"
        },
        "text": "my claim",
        "confidence": 0.907211,
        "type": "Unemployed",
        "disambiguation": {
          "subtype": [
            "NONE"
          ]
        }
      }
    ]
  },
  "extracted_metadata": {
    "sha1": "f5023a7855074e017bd86a58fa5f299d5858be22",
    "filename": "t2_6538ltgj.json",
    "file_type": "json"
  },
  "title": "Unemployment Question (alittle different from the usual)"
}
