{
  "id": "5c605c5e911dc8cbc568486ae3745ee3",
  "result_metadata": {
    "confidence": 0,
    "score": 1
  },
  "author_fullname": "t2_da21e",
  "enriched_title": {
    "entities": []
  },
  "text": "I lost my job as a result of the virus and we are just relying on my wife's income for now. We traveled to Carnegie South Imaging for Women on Madison and 32nd from Queens to perform some testing for downs syndrome and a few other things on my wife.  When we arrived they asked for the $300 deductible from my wife's insurance upfront. We explained that times are a little rough right now and asked if they can bill us or set up a payment plan but they said no, they needed payment upfront. My wife caused a bit of a scene and stormed out. I understand they have to look out for themselves but it made me a bit angry and I needed to vent and see if this is normal. In the past when we've had deductibles, the office would bill us and we would pay it when the bill came but this was the first time we've actually been denied a service for not being able to pay a deductible upfront.",
  "enriched_text": {
    "entities": [
      {
        "count": 1,
        "sentiment": {
          "score": -0.449199,
          "label": "negative"
        },
        "text": "deductible",
        "confidence": 0.999093,
        "type": "Medically_Insured",
        "disambiguation": {
          "subtype": [
            "NONE"
          ]
        }
      },
      {
        "count": 1,
        "sentiment": {
          "score": -0.958603,
          "label": "negative"
        },
        "text": "I lost my job",
        "confidence": 0.996908,
        "type": "Unemployed",
        "disambiguation": {
          "subtype": [
            "NONE"
          ]
        }
      },
      {
        "count": 1,
        "sentiment": {
          "score": 0.952851,
          "label": "positive"
        },
        "text": "deductible",
        "confidence": 0.965693,
        "type": "Medically_Insured",
        "disambiguation": {
          "subtype": [
            "NONE"
          ]
        }
      },
      {
        "count": 1,
        "sentiment": {
          "score": 0.952851,
          "label": "positive"
        },
        "text": "insurance",
        "confidence": 0.891037,
        "type": "Medically_Insured",
        "disambiguation": {
          "subtype": [
            "NONE"
          ]
        }
      },
      {
        "count": 1,
        "sentiment": {
          "score": -0.449199,
          "label": "negative"
        },
        "text": "deductibles",
        "confidence": 0.577395,
        "type": "Medically_Insured",
        "disambiguation": {
          "subtype": [
            "NONE"
          ]
        }
      }
    ]
  },
  "extracted_metadata": {
    "sha1": "b3990684f7357f5b1b925fa2422ea9cab77aa1ea",
    "filename": "t2_da21e.json",
    "file_type": "json"
  },
  "title": "My pregnant wife and I were just denied testing on our child because we didn't have $300 to pay upfront"
}
