{
  "id": "3bac48cd0bf0469470803cd91b9f06ac",
  "result_metadata": {
    "score": 1
  },
  "author_fullname": "t2_67rl1z1i",
  "enriched_title": {
    "entities": [
      {
        "count": 1,
        "text": "UNEMPLOYMENT",
        "confidence": 0.995066,
        "type": "Unemployed",
        "disambiguation": {
          "subtype": [
            "NONE"
          ]
        }
      }
    ]
  },
  "text": " Hi guys! Hope everyone is well and staying safe. Please can someone share with me some info about NYC unemployment?!?! I filed and it all went through the system but I need to know what's going on with the direct deposit. I signed up for direct deposit but when I sign in it says payment is debit card. I can't get that mail in NYC and have no idea what's going on. Did this happen to anyone?? Please help thanks!!!! \n\n[View Poll](https://www.reddit.com/poll/g1css2)",
  "enriched_text": {
    "entities": [
      {
        "count": 1,
        "sentiment": {
          "score": -0.685045,
          "label": "negative"
        },
        "text": "unemployment",
        "confidence": 0.969405,
        "type": "Unemployed",
        "disambiguation": {
          "subtype": [
            "NONE"
          ]
        }
      }
    ]
  },
  "extracted_metadata": {
    "sha1": "475b7eb522425826eed0b3bee7a28c43596550f9",
    "filename": "t2_67rl1z1i.json",
    "file_type": "json"
  },
  "title": "NYC UNEMPLOYMENT"
}
