{
  "id": "e46297fa374276cfda0eb7708ecf1d32",
  "result_metadata": {
    "score": 1
  },
  "author_fullname": "t2_4it0xybi",
  "enriched_title": {
    "entities": [
      {
        "count": 1,
        "text": "Unemployment",
        "confidence": 0.884462,
        "type": "Unemployed",
        "disambiguation": {
          "subtype": [
            "NONE"
          ]
        }
      }
    ]
  },
  "text": "So In 2017 I was on unemployment in NY. I had a Key2Benefits debit card.\n\nThis card expired in 2019.\n\nI just filed a claim a. few days ago. My payment history says payment released today April 21st 2020\n\nSeeing as how my card expired in 2019\n\nWill they be sending me a new debit card?\n\nShould I assume the card is already on it's way to me seeing as how the payment was released already?\n\nedit: IM not sure if I need to request one with Key Bank or if they will just send me one. The wait is 4 hours to speak to a representative.\n\nTHANKS for any help",
  "enriched_text": {
    "entities": [
      {
        "count": 1,
        "sentiment": {
          "score": 0,
          "label": "neutral"
        },
        "text": "unemployment",
        "confidence": 0.913195,
        "type": "Unemployed",
        "disambiguation": {
          "subtype": [
            "NONE"
          ]
        }
      }
    ]
  },
  "extracted_metadata": {
    "sha1": "b65a7134c88c4bfbc286dc72fcfdf825a2c8ecf9",
    "filename": "t2_4it0xybi.json",
    "file_type": "json"
  },
  "title": "NYS Unemployment. will I be receiving a new card?"
}
