{
  "id": "e155b30d048684c6d853ba14866489a9",
  "result_metadata": {
    "confidence": 0,
    "score": 1
  },
  "author_fullname": "t2_5dyv2mwa",
  "enriched_title": {
    "entities": [
      {
        "count": 1,
        "text": "dog walkers",
        "confidence": 0.825405,
        "type": "Hourly_Wage_Employment",
        "disambiguation": {
          "subtype": [
            "NONE"
          ]
        }
      }
    ]
  },
  "text": "I may get downvoted for this but oh well. \n\nI’m a dog walker in NYC. I love my job and I’ve been doing this for 5+ years. \n\nHowever with the COVID-19 issues going around, a very large portion of my income is gone. I have 60% of my clients working from home and their dogs don’t need me. \n\nWhile I understand the social distancing, try to utilize your dog walkers at least once a week or something if you income isn’t impacted, some of us need the money and don’t have a large enough savings built up. \n\nI’m grateful I do have savings but a lot of independents and freelancers are struggling. \n\nThanks for listening to my feelings.",
  "enriched_text": {
    "entities": [
      {
        "count": 1,
        "sentiment": {
          "score": -0.290315,
          "label": "negative"
        },
        "text": "dog walkers",
        "confidence": 0.985238,
        "type": "Hourly_Wage_Employment",
        "disambiguation": {
          "subtype": [
            "NONE"
          ]
        }
      },
      {
        "count": 1,
        "sentiment": {
          "score": 0,
          "label": "neutral"
        },
        "text": "dog walker",
        "confidence": 0.963681,
        "type": "Hourly_Wage_Employment",
        "disambiguation": {
          "subtype": [
            "NONE"
          ]
        }
      }
    ]
  },
  "extracted_metadata": {
    "sha1": "407f6d7ee09930f20400af216934ca4e93173e42",
    "filename": "t2_5dyv2mwa.json",
    "file_type": "json"
  },
  "title": "Please if you can, try to support your dog walkers during this time."
}
