{
  "id": "4411b0d5e7013c9d3e59078ceabd01cb",
  "result_metadata": {
    "confidence": 0,
    "score": 1
  },
  "author_fullname": "t2_61foeqx3",
  "enriched_title": {
    "entities": [
      {
        "count": 1,
        "text": "Unemployment",
        "confidence": 0.722137,
        "type": "Unemployed",
        "disambiguation": {
          "subtype": [
            "NONE"
          ]
        }
      }
    ]
  },
  "text": "I lost my restaurant job 2 weeks ago and was told to claim my first benefits on 3/25. When I logged in it let me do so, but showed \"unemployment claim pending\" and \"weekly benefits $0.\" This hasn't changed since then. I did receive mail from D.O.L. with a monetary estimate for benefits, which seemed like a good sign. I wouldn't be so worried if it weren't for the fact that my gf filed at the same time as me and already has her debit card with payments on it. Anybody with D.O.L. experience know why my claim is taking so long to process? Or, anyone else dealing with the same thing? I've also called them to no avail -- no possibility of talking to a real person. I'm getting worried that my restaurant screwed up or my claim was lost.",
  "enriched_text": {
    "entities": [
      {
        "count": 1,
        "sentiment": {
          "score": -0.880867,
          "label": "negative"
        },
        "text": "I lost my restaurant job",
        "confidence": 0.993229,
        "type": "Unemployed",
        "disambiguation": {
          "subtype": [
            "NONE"
          ]
        }
      },
      {
        "count": 1,
        "sentiment": {
          "score": -0.791641,
          "label": "negative"
        },
        "text": "unemployment claim",
        "confidence": 0.981788,
        "type": "Unemployed",
        "disambiguation": {
          "subtype": [
            "NONE"
          ]
        }
      }
    ]
  },
  "extracted_metadata": {
    "sha1": "2f75e05ec67236bfbb4c3d625150b60b9c215aad",
    "filename": "t2_61foeqx3.json",
    "file_type": "json"
  },
  "title": "Unemployment Pending - Anybody Having This Same Issue?"
}
