{
  "id": "c1b688462a1bc65619407b0823a9aa5d",
  "result_metadata": {
    "confidence": 0,
    "score": 1
  },
  "author_fullname": "t2_r24m6n",
  "enriched_title": {
    "entities": []
  },
  "text": "My girlfriend is trying to apply for Unemployment Benefits and has completed the form online, but it gives a number to call in order to complete the claim. Every time she's called the number she puts in her info and it says \"now we'll transfer you to an operator who can complete your claim\" and then immediately hangs up. It's all automated so I'm not really sure how to get through so her claim will be completed. Does anyone know what we can do?",
  "enriched_text": {
    "entities": [
      {
        "count": 1,
        "sentiment": {
          "score": -0.50853,
          "label": "negative"
        },
        "text": "Unemployment",
        "confidence": 0.848715,
        "type": "Unemployed",
        "disambiguation": {
          "subtype": [
            "NONE"
          ]
        }
      }
    ]
  },
  "extracted_metadata": {
    "sha1": "5527c6cdbc631fbdfe01be6834ee95c00b74b925",
    "filename": "t2_r24m6n.json",
    "file_type": "json"
  },
  "title": "Unemployment troubleshooting?"
}
