{
  "id": "9211534fd36992e780b35ae9e76a21f2",
  "result_metadata": {
    "confidence": 0,
    "score": 1
  },
  "author_fullname": "t2_16ypq3",
  "enriched_title": {
    "entities": [
      {
        "count": 1,
        "text": "Unemployment",
        "confidence": 0.977964,
        "type": "Unemployed",
        "disambiguation": {
          "subtype": [
            "NONE"
          ]
        }
      }
    ]
  },
  "text": "I'm not alone here, I'm one of the people who completed my claim online but to have it finalized, I have to call in to have it processed. I've called thousands of times since last week and have yet to get through to a single person.\n\nEven the new \"call back\" system just disconnects me after I've spent 5 minutes going through a menu and giving my tax information. \n\nFuck Cuomo, Fuck DeBlasio, literally every other company and small business has a simple call back or waiting system. This influx should have been anticipated months ago. \n\nMy friends who have successfully filed have no word on the federal add on of $600 either. What the fuck, America? This is despicable. \n\nYour bail outs saved banks, huge corporations, but you can't even get your shit together to provide us a basic unemployment benefit phone line? How are we supposed to pay our bills, support families, let alone rent?",
  "enriched_text": {
    "entities": [
      {
        "count": 1,
        "sentiment": {
          "score": -0.974616,
          "label": "negative"
        },
        "text": "unemployment",
        "confidence": 0.99713,
        "type": "Unemployed",
        "disambiguation": {
          "subtype": [
            "NONE"
          ]
        }
      },
      {
        "count": 1,
        "sentiment": {
          "score": 0,
          "label": "neutral"
        },
        "text": "rent",
        "confidence": 0.548151,
        "type": "Apartment_Renter",
        "disambiguation": {
          "subtype": [
            "NONE"
          ]
        }
      }
    ]
  },
  "extracted_metadata": {
    "sha1": "57bbaa806b880365b40b4e5a0e9db0c6bc7e7f5a",
    "filename": "t2_16ypq3.json",
    "file_type": "json"
  },
  "title": "NYC Unemployment Sign-Up is an Absolute Joke"
}
