{
  "id": "4ba073d949e9c22333c5496fa3721a5c",
  "result_metadata": {
    "score": 1
  },
  "subreddit": "LosAngeles",
  "enriched_title": {
    "entities": [
      {
        "count": 1,
        "text": "health insurance",
        "confidence": 0.780636,
        "type": "Medically_Insured",
        "disambiguation": {
          "subtype": [
            "NONE"
          ]
        }
      }
    ]
  },
  "text": "Heads up, I just noticed they are still charging me for the membership, even though none of the gyms are open and the LA fitness I use for my membership has stopped taking payments. \n\nI’m going to call tomorrow and find out more, but just in case someone else has it and is strapped on money, make sure to look into this.",
  "enriched_text": {
    "entities": []
  },
  "extracted_metadata": {
    "sha1": "ab56d16ffd60fc803e475ef1a32afaf304f0e1e2",
    "filename": "relevant-LA-309.json",
    "file_type": "json"
  },
  "title": "If you use Active & Fit through your health insurance for the gym.",
  "created": "2020-04-16T16:44:14.000Z"
}
