{
  "id": "d224357dcbc8fe4e8a354df54fd37deb",
  "result_metadata": {
    "score": 1
  },
  "subreddit": "LosAngeles",
  "enriched_title": {
    "entities": []
  },
  "text": "I apologize if this is the wrong sub. My boyfriend works for a business in la county with 100-150+ employees that manufactures BBQS and fire pits. On 3/20 they announced that they would be closing for 4 weeks due to the corona but they cut it a week short and are requiring everyone to start working as of yesterday. Is this considered an essential job?",
  "enriched_text": {
    "entities": []
  },
  "extracted_metadata": {
    "sha1": "f007b3d1ead8a780d474ac2fed5090c7b91eb5d5",
    "filename": "relevant-LA-388.json",
    "file_type": "json"
  },
  "title": "Is making BBQS an essential job? LA county",
  "created": "2020-04-14T23:52:38.000Z"
}
