{
  "id": "fd5a52b74002a6e18b381df9db760527",
  "result_metadata": {
    "score": 1
  },
  "subreddit": "chicago",
  "enriched_title": {
    "entities": [
      {
        "count": 1,
        "text": "unemployment",
        "confidence": 0.969407,
        "type": "Unemployed",
        "disambiguation": {
          "subtype": [
            "NONE"
          ]
        }
      }
    ]
  },
  "text": "I know they still haven't figured out how for gig workers and self employed to file for claims, but for the rest who are already enrolled, the deposits for the 1st week in April have started.  The extra relief is to last through July 31st.",
  "enriched_text": {
    "entities": []
  },
  "extracted_metadata": {
    "sha1": "812bf293dcb6df9e6189178f4acb7d8784229f0c",
    "filename": "relevant-chicago-459.json",
    "file_type": "json"
  },
  "title": "For those claiming unemployment IDES has started depositing the extra weekly $600 from the CARES act.",
  "created": "2020-04-07T13:14:44.000Z"
}
