{
  "id": "f5f03444fe238ba1b481b1a575038748",
  "result_metadata": {
    "score": 1
  },
  "subreddit": "chicago",
  "enriched_title": {
    "entities": []
  },
  "text": "My wife and I have a fully furnished AIrBnB. If you know someone who is trapped in an abusive relationship and needs a few weeks to find their way we will be volunteering it for free. We live in west Lakeview. We’d like to help during this crisis. Message \nmy inbox.  Please be safe out there people.",
  "enriched_text": {
    "entities": [
      {
        "count": 1,
        "sentiment": {
          "score": 0.820158,
          "label": "positive"
        },
        "text": "fully furnished AIrBnB",
        "confidence": 0.702286,
        "type": "Home_Owner",
        "disambiguation": {
          "subtype": [
            "NONE"
          ]
        }
      }
    ]
  },
  "extracted_metadata": {
    "sha1": "bb0312ddeda0211eafaf954c0e7c71de06f13e27",
    "filename": "relevant-chicago-646.json",
    "file_type": "json"
  },
  "title": "Do you know some one in an abusive relationship?",
  "created": "2020-04-01T15:04:02.000Z"
}
