{
  "id": "3783248f60bd96470100dc5b4e1755be",
  "result_metadata": {
    "confidence": 0,
    "score": 1
  },
  "subreddit": "chicago",
  "enriched_title": {
    "entities": []
  },
  "text": "I know this sub isn’t really meant for this, but I’ve been trying to get in contact with IDES for nearly two weeks now, and I just can’t get through. \n\nI moved to Chicago in August to start my new job and was laid off last month due to the virus. I applied for UI right away and my application went through, but I qualified for $0 since I hadn’t made enough outside the base period. \n\nNow that it’s April and the start of a new quarter, I’ve made enough to actually qualify. But when I try to submit a new application, I get an error message. \n\nIf I certify, will I get the new benefits? Or do I need to try harder to contact IDES? Again, sorry to spam this sub with this, but I can’t get in touch with anyone at the offices.",
  "enriched_text": {
    "entities": [
      {
        "count": 1,
        "sentiment": {
          "score": 0.379745,
          "label": "positive"
        },
        "text": "applied for UI",
        "confidence": 0.981169,
        "type": "Unemployed",
        "disambiguation": {
          "subtype": [
            "NONE"
          ]
        }
      },
      {
        "count": 1,
        "sentiment": {
          "score": -0.284518,
          "label": "negative"
        },
        "text": "laid off last month",
        "confidence": 0.825679,
        "type": "Unemployed",
        "disambiguation": {
          "subtype": [
            "NONE"
          ]
        }
      }
    ]
  },
  "extracted_metadata": {
    "sha1": "085f02dabb0661f1ec06585c29bb135edf65996f",
    "filename": "relevant-chicago-369.json",
    "file_type": "json"
  },
  "title": "IDES: Do you need to reapply for benefits at start of new base period?",
  "created": "2020-04-11T00:59:00.000Z"
}
