{
  "id": "ea4b5709de7665063528a8da51344850",
  "result_metadata": {
    "score": 1
  },
  "subreddit": "chicago",
  "enriched_title": {
    "entities": []
  },
  "text": "Hello!\n\nChicago has (to me) very surprisingly cheap real estate in the Wicker Park, Logan, even downtown etc. areas compared to NYC/SF, etc., such that owning a 2-3 bedroom and be downtown or in a Brooklyn-equivalent area in Chicago suddenly seems within reach given my current career (tech). 2-3 bedrooms for 4-700k just... don't exist in other cities with the cultural, architectural, public transit, and tech/finance vibrance that Chicago seems to share.\n\nWhat I missing? The taxes, specifically property, or any other gotchas to moving/living in CHI? Specifically given I'm from a coastal expensive city already, so I'm aware of the general COLA increases. I'd love an explanation in layman's terms. I'm aware the IL Pension is dramatically underfunded, and from various comments I've pieced together in here, home owning appears to be a downside in that environment? Just how bad is it?\n\nAlso, I work in tech - tech industry and general companies that support those jobs in Chicago, growing or not?\n\nThanks!\n\n&#x200B;\n\nEdit: I lived in upstate NY on the lake side for years, and was born in Minnesota, that style weather doesn't bother me much or at least I know what to expect.  \n\n\nEdit2 - super helpful, thanks!",
  "enriched_text": {
    "entities": [
      {
        "count": 1,
        "sentiment": {
          "score": 0.649577,
          "label": "positive"
        },
        "text": "my current career (tech)",
        "confidence": 0.924773,
        "type": "Full_Time_Employment",
        "disambiguation": {
          "subtype": [
            "NONE"
          ]
        }
      },
      {
        "count": 1,
        "sentiment": {
          "score": 0,
          "label": "neutral"
        },
        "text": "I work in tech",
        "confidence": 0.822093,
        "type": "Full_Time_Employment",
        "disambiguation": {
          "subtype": [
            "NONE"
          ]
        }
      }
    ]
  },
  "extracted_metadata": {
    "sha1": "4a60023573fffb968a57af5e8a8cac350663db2e",
    "filename": "relevant-chicago-972.json",
    "file_type": "json"
  },
  "title": "Looking at the cheaper real estate vs. NYC/SF and Chicago looks like a catch. What am I missing with the taxes (or otherwise) though?",
  "created": "2020-03-23T03:56:18.000Z"
}
