{
  "id": "9d31fa350f215901d8ff7568da046d77",
  "result_metadata": {
    "score": 1
  },
  "subreddit": "chicago",
  "enriched_title": {
    "entities": []
  },
  "text": "I'm not sure if this is allowed as it may be seen as fundraising. Mods let me know if not and I can take down.\n\nAs a partner and sister of frontline physicians, I'm becoming increasingly concerned about the lack of PPE nationwide for our healthcare heroes. Instead of feeling useless, I'm collecting PPE to bring to our Chicago area hospitals.\n\nIf you have something to donate, let me know and I can coordinate with you and pick up so the effort is minimal for you! Also, let me know if any businesses you think may be able to help. I've reached out to nail salons and realtors in my area (West Loop) but will take any help we can get!\n\nMain supplies needed urgently:\n- surgical masks\n- N95 Masks\n- disposable gloves \n- boot covers\n- gowns\n- disposable face shields \n\n\nThank you! Stay safe! (And 6 feet apart!)",
  "enriched_text": {
    "entities": [
      {
        "count": 1,
        "sentiment": {
          "score": -0.852685,
          "label": "negative"
        },
        "text": "frontline physicians",
        "confidence": 0.7687,
        "type": "Full_Time_Employment",
        "disambiguation": {
          "subtype": [
            "NONE"
          ]
        }
      }
    ]
  },
  "extracted_metadata": {
    "sha1": "bc0321502ad0fde93ba74ea366ff07fb59d860ad",
    "filename": "relevant-chicago-862.json",
    "file_type": "json"
  },
  "title": "PPE Donations for Area Hospitals",
  "created": "2020-03-26T10:11:20.000Z"
}
